system,question_set,config_hash,dataset_sha,n,failed,no_decision,decided,failure_policy,accuracy,auroc,harmful_recall,benign_false_flag,over_refusal_flags,severity_harmful,severity_benign
bedrock-apply-words,v1-f4-words,590d02870091dbae,a609fc4da6f3,41,0,0,41,exclude,1.0,1.0,1.0,0.0,,,
bedrock-apply-words,v1-f4-words,590d02870091dbae,a7ed39ad698e,7,0,0,7,exclude,1.0,1.0,1.0,0.0,,,
jev-1.13.0,v1-f4-words,e8f6cfcb08c93d57,a609fc4da6f3,41,0,0,41,exclude,1.0,1.0,1.0,0.0,,,
jev-1.13.0,v1-f4-words,e8f6cfcb08c93d57,a7ed39ad698e,7,0,0,7,exclude,1.0,1.0,1.0,0.0,,,
kev-0-8b,v1-f4-words,c13d2afbaaf05c2a,a609fc4da6f3,41,0,0,41,exclude,0.5365853658536586,0.48651960784313725,0.875,0.9411764705882353,,,
kev-4b,v1-f4-words,0631120a7651d43c,a609fc4da6f3,41,0,0,41,exclude,0.7073170731707317,0.9705882352941176,1.0,0.7058823529411765,,,
kev-9b,v1-f4-words,e72a85cc9e628cf5,a609fc4da6f3,41,0,0,41,exclude,0.6829268292682927,0.9669117647058824,1.0,0.7647058823529411,,,
laya,v1-f4-words,15042d768f3dc85b,a609fc4da6f3,41,0,0,41,exclude,0.4634146341463415,0.4411764705882353,0.4583333333333333,0.5294117647058824,,,
open-jev-2b,v1-f4-words,8c05076061d82631,a609fc4da6f3,41,0,0,41,exclude,0.8536585365853658,0.946078431372549,0.9583333333333334,0.29411764705882354,,,
regex-baseline,v1-f4-words,ea68f7e034d6afe8,a609fc4da6f3,41,0,0,41,exclude,1.0,1.0,1.0,0.0,,,
regex-baseline,v1-f4-words,ea68f7e034d6afe8,a7ed39ad698e,7,0,0,7,exclude,1.0,1.0,1.0,0.0,,,
